Result Title,URL
Top 10 Automation Testing Books For 2024 | LambdaTest,https://www.lambdatest.com/blog/top-books-for-automation-testing/
What is Selenium? Introduction to Selenium Automation Testing - Guru99,https://www.guru99.com/introduction-to-selenium.html
Selenium Tutorial - Guru99,https://www.guru99.com/selenium-tutorial.html
Selenium Python Tutorial For Beginners - Software Testing Help,https://www.softwaretestinghelp.com/selenium-python-tutorial/
Selenium WebDriver Tutorial 2024: Latest Practices & Examples,https://www.geeksforgeeks.org/selenium-webdriver-tutorial/
10 Best Books For Testers in 2024 | LambdaTest,https://www.lambdatest.com/blog/top-books-every-tester-should-read/
What is Selenium WebDriver? [The Complete Guide],https://www.techgeekbuzz.com/blog/what-is-selenium-webdriver/
Selenium Tutorial - A Comprehensive Guide for Beginners - Intellipaat,https://intellipaat.com/blog/tutorial/selenium-tutorial/
Best Books to Learn Software Automation Testing Engineering,https://www.guvi.in/blog/best-books-to-learn-software-automation-testing/
Top 25 Selenium WebDriver Commands That You Should Know,https://www.softwaretestinghelp.com/selenium-webdriver-commands-selenium-tutorial-17/
Top 6 Cucumber Best Practices For Selenium Automation,https://www.lambdatest.com/blog/cucumber-best-practices/
Top 10+ Best Software Testing Books (Manual and Automation Books),https://www.softwaretestinghelp.com/software-testing-books/
Top 5 Selenium Project Ideas and Topics - Intellipaat,https://intellipaat.com/blog/selenium-projects/
Selenium Webdriver Java Program Example (Sample Code) - Guru99,https://www.guru99.com/first-webdriver-script.html
selenium Â· PyPI,https://pypi.org/project/selenium/
Demo Websites You Need to Practice Selenium in 2024 - TechBeamers,https://techbeamers.com/websites-to-practice-selenium-webdriver-online/
Complete Guide on XPath: Learn To Use XPath in Selenium - LambdaTest,https://www.lambdatest.com/blog/xpath-in-selenium/
Selenium-doped mixed metal oxide nanoparticles ... - RSC Publishing,https://pubs.rsc.org/en/content/articlelanding/2024/se/d3se01419c
Browsing Context | Selenium,https://www.selenium.dev/documentation/webdriver/bidirectional/webdriver_bidi/browsing_context/
Assertions In Selenium Using Junit And TestNG Frameworks,https://www.softwaretestinghelp.com/assertions-in-selenium/
Firefox specific functionality | Selenium,https://www.selenium.dev/documentation/webdriver/browsers/firefox/
Selenium - Wikipedia,https://en.wikipedia.org/wiki/Selenium
Top 52 Selenium Open Source Projects On GitHub [2024] - LambdaTest,https://www.lambdatest.com/blog/top-selenium-open-source-projects-on-github/
REST Assured Tutorial for API Automation Testing (Example) - Guru99,https://www.guru99.com/rest-assured.html
